Joe,joe@joe.com
Bob,bob@bob.com
Cam,cam@cam.com
John,john@john.com
Bill,bill@bill.com
dave,dave@dave.com
Dill,dill@dill.com
hobo,hobo@hobo.com
pat,pat@pat.com
greg,greg@greg.com
hank,hank@hank.com
